title,score,id,url,comms_num,created,body,timestamp
Parking near PMU with a res hall pass and an airport C pass,1,hx809n,https://www.reddit.com/r/Purdue/comments/hx809n/parking_near_pmu_with_a_res_hall_pass_and_an/,1,1595646778.0,"Where can I park near the PMU with a residence hall pass and an airport C pass at 10:30 Tuesday and Thursday for 2 hours? I've heard that my friend parked in C spots that weren't at the airport, but I've also heard that's not allowed.",2020-07-24 23:12:58
Question about registering vehicles,1,hx7ya5,https://www.reddit.com/r/Purdue/comments/hx7ya5/question_about_registering_vehicles/,1,1595646597.0,"Hey y'all,

I'm bringing my car to campus and getting a permit for next semester but I have to register for it first. On the vehicle registration website, there's [a section for license plate registration.](https://i.imgur.com/hPk6kCo.png) Does plate expiration month and year refer to my vehicle registration or my actual license plate? Might be a stupid question but my parents didn't know the answer ¯\\\_(ツ)_/¯

Thanks!",2020-07-24 23:09:57
SCLA 200 anyone? Tips?,1,hx7icg,https://www.reddit.com/r/Purdue/comments/hx7icg/scla_200_anyone_tips/,0,1595645203.0,,2020-07-24 22:46:43
Self Storage,1,hx7i9s,https://www.reddit.com/r/Purdue/comments/hx7i9s/self_storage/,1,1595645196.0,"Hey guys, I'm in between apartments right now and i need to dump my stuff for a month. What is the best and cheapest way to shift the stuff and store it. I looked at Guys and Dollies but they're really expensive. Any help would be appreciated!",2020-07-24 22:46:36
"If I needed to find a room for a couple of months, where could I find one? ie. month-to-month rentals, not full-year or semester-long leases",3,hx7h15,https://www.reddit.com/r/Purdue/comments/hx7h15/if_i_needed_to_find_a_room_for_a_couple_of_months/,4,1595645079.0,,2020-07-24 22:44:39
